{
    "43510": {
        "title": "3001: Заключительная Одиссея. Пролог",
        "author": "Кларк Артур",
        "image": "/shots/43510.jpg",
        "comments": [],
        "genres": [
            "Научная фантастика"
        ]
    },
    "43511": {
        "title": "3001: Заключительная Одиссея",
        "author": "Кларк Артур",
        "image": "/shots/43511.jpg",
        "comments": [],
        "genres": [
            "Научная фантастика"
        ]
    },
    "43518": {
        "title": "334",
        "author": "Диш Томас Майкл",
        "image": "/shots/43518.jpg",
        "comments": [],
        "genres": [
            "Научная фантастика"
        ]
    },
    "43520": {
        "title": "33",
        "author": "Артамонов Вадим",
        "image": "/shots/43520.jpg",
        "comments": [],
        "genres": [
            "Научная фантастика"
        ]
    },
    "43936": {
        "title": "Isle Of The Dead",
        "author": "Zelazny Roger",
        "image": "/shots/43936.jpg",
        "comments": [
            "Очень интересная вещь. Философская, земная. О любви и ненависти, созидании и разрушении, мести и прощени, жизни и смерти..."
        ],
        "genres": [
            "Научная фантастика"
        ]
    },
    "43954": {
        "title": "Kyrie (Другой перевод)",
        "author": "Андерсон Пол",
        "image": "/shots/43954.jpg",
        "comments": [],
        "genres": [
            "Научная фантастика"
        ]
    },
    "44268": {
        "title": "Strawberry Fields Forever",
        "author": "Иванов Борис",
        "image": "/shots/44268.jpg",
        "comments": [],
        "genres": [
            "Детективная фантастика",
            "Космическая фантастика",
            "Научная фантастика"
        ]
    },
    "44333": {
        "title": "The Curse of Chalion",
        "author": "Bujold Lois Mcmaster",
        "image": "/shots/44333.jpg",
        "comments": [
            "Прочитал - так получилось - сначала вторую часть - интересно.\r\nЕсть интрига и оригинальная идея: для трёх героев есть только две жизни, и с этим что-то надо сделать.\r\nК сожалению, в последний момент автор извлекла из рукава самого бога, и все сложилось. Так делать не корректно."
        ],
        "genres": [
            "Научная фантастика"
        ]
    },
    "44345": {
        "title": "The Dragonslayer",
        "author": "Локхард Джордж",
        "image": "/shots/44345.jpg",
        "comments": [],
        "genres": [
            "Научная фантастика",
            "Фэнтези"
        ]
    },
    "59890": {
        "title": "Изгнанники Земли",
        "author": "Лори Андре",
        "image": "/shots/59890.jpg",
        "comments": [],
        "genres": [
            "Научная фантастика",
            "Прочие приключения"
        ]
    },
    "60207": {
        "title": "Лазурный гигант",
        "author": "Лори Андре",
        "image": "/shots/60207.jpg",
        "comments": [],
        "genres": [
            "Исторические приключения",
            "Научная фантастика"
        ]
    },
    "60627": {
        "title": "Остров Больших Молний",
        "author": "Шагурин Николай Яковлевич",
        "image": "/shots/60627.jpg",
        "comments": [],
        "genres": [
            "Научная фантастика",
            "Прочие приключения"
        ]
    },
    "61065": {
        "title": "Радамехский карлик",
        "author": "Лори Андре",
        "image": "/shots/61065.jpg",
        "comments": [],
        "genres": [
            "Исторические приключения",
            "Научная фантастика"
        ]
    },
    "61433": {
        "title": "Тайна Архелона (Крик дельфина)",
        "author": "Черкашин Николай",
        "image": "/shots/61433.jpg",
        "comments": [
            "Третий раз возвращаюсь к этой книге, которая написана с таким мастерством, что заставляет полностью погрузится в подводный мир, почувствовать себя участником захватывающих событий, заставляет задуматься о месте человека на нашей планете, о нашем общем будущем."
        ],
        "genres": [
            "Морские приключения",
            "Научная фантастика"
        ]
    },
    "66293": {
        "title": "Из воспоминаний Иёна Тихого",
        "author": "Лем Станислав",
        "image": "/shots/66293.jpg",
        "comments": [
            "Лем потрясающий писатель, очень советую! Не пожалеете."
        ],
        "genres": [
            "Классическая проза",
            "Научная фантастика",
            "Юмористическая фантастика"
        ]
    },
    "67112": {
        "title": "Кибериада",
        "author": "Лем Станислав",
        "image": "/shots/67112.jpg",
        "comments": [],
        "genres": [
            "Классическая проза",
            "Научная фантастика"
        ]
    },
    "74661": {
        "title": "Сказки роботов",
        "author": "Лем Станислав",
        "image": "/shots/74661.jpg",
        "comments": [],
        "genres": [
            "Классическая проза",
            "Научная фантастика"
        ]
    },
    "78794": {
        "title": "Жизнь во время войны",
        "author": "Шепард Люциус",
        "image": "/shots/78794.jpg",
        "comments": [],
        "genres": [
            "Научная фантастика",
            "Современная проза"
        ]
    },
    "79011": {
        "title": "Звездные дневники Иёна Тихого",
        "author": "Лем Станислав",
        "image": "/shots/79011.jpg",
        "comments": [
            "ЧИТАЛ ЕЩЕ В ГОДЫ ЗАСТОЯ, СМЕШНОЙ ПАРОДИЙНЫЙ СБОРНИК ПРИКЛЮЧЕНИЙ В КОСМОСЕ!!! ДО СИХ ПОР ВРЕМЯ ОТ ВРЕМЕНИ ПЕРЕЧИТЫВАЮ!!! ОЧЕНЬ СВЕЖО И СОВРЕМЕННО, ХОТЬ КНИГА НАПИСАНА ОЧЕНЬ ДАВНО!!!",
            "Читала, очень смешная!))) Всем советую)"
        ],
        "genres": [
            "Классическая проза",
            "Научная фантастика",
            "Юмористическая фантастика"
        ]
    },
    "85114": {
        "title": "Феномен фантастики",
        "author": "Снегов Сеpгей Александpович",
        "image": "/shots/85114.jpg",
        "comments": [],
        "genres": [
            "Научная фантастика"
        ]
    },
    "44567": {
        "title": "Wing Commander: Битва флотов",
        "author": "Форстчен Уильям",
        "image": "/shots/44567.jpg",
        "comments": [
            "Начиная с книги \"расплата\" читаешь на одном дыхании. Захватывает практически с первых страниц. Обе книги сплошное действие нет всякой дебильной лирики, размазывания каши по тарелке, высасывания из пальца. Рекомендую."
        ],
        "genres": [
            "Научная фантастика"
        ]
    },
    "44569": {
        "title": "Wing Commander: Операция Одиночество",
        "author": "Воронин Дмитрий",
        "image": "/shots/44569.jpg",
        "comments": [
            "Kniga ochen mne ponravilas, ia zakoreneliy fantastoman s 7, 5 llet zachitivalsia paooini, rouling, s.t. A.l. K.e. R., seichas mne 14 no perechitivayu knigi po mnogu raz eragon1, 2,3, na 17raz dumayu i etu knigu prochtu eshe ne raz. S uvazenim."
        ],
        "genres": [
            "Научная фантастика"
        ]
    },
    "44571": {
        "title": "Wing Commander: Расплата",
        "author": "Сташефф Кристофер",
        "image": "/shots/44571.jpg",
        "comments": [],
        "genres": [
            "Научная фантастика"
        ]
    },
    "44574": {
        "title": "Wing Commander III: Сердце Тигра",
        "author": "Форстчен Уильям",
        "image": "/shots/44574.jpg",
        "comments": [],
        "genres": [
            "Научная фантастика"
        ]
    },
    "47735": {
        "title": "Космические вампиры",
        "author": "Уилсон Колин",
        "image": "/shots/47735.jpg",
        "comments": [],
        "genres": [
            "Научная фантастика",
            "Эротика"
        ]
    },
    "48231": {
        "title": "Метаморфозы вампиров-2",
        "author": "Уилсон Колин",
        "image": "/shots/48231.jpg",
        "comments": [],
        "genres": [
            "Научная фантастика",
            "Эротика"
        ]
    },
    "48232": {
        "title": "Метаморфозы вампиров",
        "author": "Уилсон Колин",
        "image": "/shots/48232.jpg",
        "comments": [],
        "genres": [
            "Научная фантастика",
            "Эротика"
        ]
    },
    "50762": {
        "title": "Ускользающие тени",
        "author": "Лампитт Дина",
        "image": "/shots/50762.jpg",
        "comments": [],
        "genres": [
            "Исторические любовные романы",
            "Научная фантастика"
        ]
    }
}