{"title": "Легенда", "author": "Ткачук Леонид", "image": "/images/nopic.gif", "comments": ["Легенда не плохая, т. е. фабула. Но увы надо было не просто рассказать ее, а пережить вместе с героями... А так от нее ни холодно ни жарко и завтра не вспомнишь и никому рассказать не захочется. Герои плоские. Нет запаха и вкуса эпохи. Нужна интрига, нужна поэзия момента, нужна музыка речи желательно той эпохи. Кстати вы не задумывались почему раньше всякие саги. Легенды и былины исполнялись речетативом с каким нибудь музыкальным инструментом. И вообще легенды в чистом виде - вещь очень сложная...Но Вы пытаетесь и это уже хорошо.А написан этот комментарий Вам чтобы Вы росли. Чесные, даже нелицеприятные, слова куда полезней. Чем безразличие. Вы знаете из этой легенды на 3 страницы может вырости целый роман."], "genres": ["Научная фантастика"]}