{"title": "Звездные дневники Иёна Тихого", "author": "Лем Станислав", "image": "/shots/79011.jpg", "comments": ["ЧИТАЛ ЕЩЕ В ГОДЫ ЗАСТОЯ, СМЕШНОЙ ПАРОДИЙНЫЙ СБОРНИК ПРИКЛЮЧЕНИЙ В КОСМОСЕ!!! ДО СИХ ПОР ВРЕМЯ ОТ ВРЕМЕНИ ПЕРЕЧИТЫВАЮ!!! ОЧЕНЬ СВЕЖО И СОВРЕМЕННО, ХОТЬ КНИГА НАПИСАНА ОЧЕНЬ ДАВНО!!!", "Читала, очень смешная!))) Всем советую)"], "genres": ["Классическая проза", "Научная фантастика", "Юмористическая фантастика"]}