{"title": "Двадцать тысяч лье под водой", "author": "Верн Жюль Габриэль", "image": "/shots/59678.jpg", "comments": ["ШЕДДЕВР! КТО НЕ ЧИТАЛ - ЧИТАЙТЕ И ДАЙТЕ ПОЧИТАТЬ СВОИМ ДЕТЯМ! ФИЛЬМ-ТУФТА!", "Книга чудесная, фильм слабоват.", "Немного наивная, но добрая и интересная книга. Не могу сказать, что шедевр, но возможно, мы уже просто гонимся за экшном..", "Как бы то не было, но все что было написано мечтами писателя, сейчас все сбылось и человечество до этого упорно и целеустремленно дошло, так что все сбывается...", "Рекомендую любителям фэнтези.", "Я читала эту книгу много раз она мне очень понравилась... Она заинтересовала, заинтриговала меня. Фильм мне не очень понравился. Читайте книги они могут оказаться настолько интересными, что вы не сможете остановится пока не дочитаете. VZ.", "Очень хорошая книга всем рекомендую!!!!!!!!!!!"], "genres": ["Морские приключения", "Научная фантастика"]}