{"title": "Плутония", "author": "Обручев Владимир Афанасьевич", "image": "/shots/60799.jpg", "comments": ["Обручев - один из немногих авторов, который может науку преподнести увлекательно, даже детям. Именно с этой книги, прочитанной в 10 лет началось мое увлечение палеонтологией. Потрясающая книга!", "Роман <<Плутония>> прочитала в детстве, интересная. Помню содержание и сейчас.", "В школе перечитывала несколько раз. Написано увлекательно, с превосходным чувством юмора.", "Очень захватывающая история. Хочется перечитать еще раз.", "Для детей подходит в самый раз.", "Книга-сокровище научно-популярной фантастики!", "Прочитал её в лет 12-13. Очень понравилась. Вот бы фильм снять Камерону или Спилбергу...", "Книга интересна не только детям, но и взрослым) Никогда не думала что научная фантастика меня так заденет.. Прочитала на одном дыхании.", "Как и все читал в детстве, сейчас 30, решил перечитать. А написано очень легко.", "Спасибо за возвращение в детство.", "ПРОЧИТАЛА КНИГУ КЛАСС! НИКОГДА НЕ УВЛЕКАЛАСЬ ДОИСТОРИЧЕСКИМИ ЖИВОТНЫМИ НО ПРОЧИТАВ \"ПЛУТОНИЯ\" ПОНЯЛА ЧТО ЭТО ФАНТОСТИЧЕСКИ.", "Книгу \"Плутония\" прочитала в раннем детстве, сейчас мне 55 лет, но из памяти не уходит. Благодаря интернету, снова нашла её и конечно буду читать. Замечательная книга, читается легко, очень захватывает сюжет. Не люблю фантастику, но вот эта легла на душу, спасибо автору.", "Очень захватывающая история. Впервые прочитала еще в детстве, но впечатления остались до сих пор. Сейчас мне 60, книгу прочитала за ночь. КЛАСС!!!"], "genres": ["Научная фантастика", "Путешествия и география"]}