{"title": "Тайна Архелона (Крик дельфина)", "author": "Черкашин Николай", "image": "/shots/61433.jpg", "comments": ["Третий раз возвращаюсь к этой книге, которая написана с таким мастерством, что заставляет полностью погрузится в подводный мир, почувствовать себя участником захватывающих событий, заставляет задуматься о месте человека на нашей планете, о нашем общем будущем."], "genres": ["Морские приключения", "Научная фантастика"]}