{"title": "Сказание о граде Ново-Китеже", "author": "Зуев-Ордынец Михаил Ефимович", "image": "/shots/61269.jpg", "comments": ["Отличная книга! Жаль, что автор так мало написал, в его руках приключения наших в общем современников у нас в стране могут быть не хуже чем книги про индейцев и пиратов. Чем то напоминает Землю Санникова.", "Сюжет Книги очень хорош, читая в детском возрасте даже отличен. Когда спустя 20 лет перечитывал книгу, сильно бросилась в глаза политическая пропаганда - пионеры, КомПартия и т.д. Но в общем прочесть стоит - может и сейчас ещё Тайга-Матушка секреты прячет.", "Книга супер! Читал в детстве! До сих пор помню!"], "genres": ["Исторические приключения", "Научная фантастика"]}