{"title": "Творцы Апокрифов", "author": "Мартьянов Андрей", "image": "/shots/61584.jpg", "comments": ["Первая часть вестников времен была гораздо лучше, нежели жта вторая часть. Вообще одна скуката, балтология и размышления персонажей. Скукатище...", "Первая часть вестников времен была гораздо лучше, нежели эта вторая часть. Вообще одна скуката, балтология и размышления персонажей. Скукатище..."], "genres": ["Альтернативная история", "Исторические приключения", "Научная фантастика"]}